url_length,url_entropy,num_subdomains,is_idn,has_repeated_digits,mixed_script,domain_age_days,is_newly_registered,is_very_new,days_until_expiry,is_self_signed,cert_age_days,has_credential_form,form_count,password_fields,email_fields,has_suspicious_forms,suspicious_form_count,keyword_count,html_size,external_links,iframe_count,js_obfuscated,js_keylogger,js_form_manipulation,js_eval_usage,js_risk_score,redirect_count,had_redirects,a_count,mx_count,ns_count,doc_has_verdict,doc_risk_score,doc_form_count,doc_has_login_keywords,doc_has_verify_keywords,doc_has_password_keywords,doc_has_credential_keywords,doc_length,ocr_length,ocr_has_login_keywords,ocr_has_verify_keywords
22,3.6292,0,0,0,0,9999,0,0,0,0,999,0,1,0,0,0,0,0,58288,6,0,1,0,0,0,0,4,1,0,0,0,1,0,1,0,0,0,0,595,,,
27,3.9121,0,0,0,0,9999,0,0,0,0,999,0,0,0,0,0,0,0,294,0,0,0,0,0,0,0,0,0,0,0,0,1,0,0,0,0,0,0,386,0.0,0.0,0.0
0,0.0,0,0,0,0,9999,0,0,0,0,999,0,0,0,0,0,0,0,0,0,0,0,0,0,0,0,0,0,0,0,0,0,0,0,0,0,0,0,93,,,
0,0.0,0,0,0,0,9999,0,0,0,0,999,0,0,0,0,0,0,0,0,0,0,0,0,0,0,0,0,0,0,0,0,0,0,0,0,0,0,0,115,,,
0,0.0,0,0,0,0,9999,0,0,0,0,999,0,0,0,0,0,0,0,0,0,0,0,0,0,0,0,0,0,0,0,0,0,0,0,0,0,0,0,102,,,
0,0.0,0,0,0,0,9999,0,0,0,0,999,0,0,0,0,0,0,0,0,0,0,0,0,0,0,0,0,0,0,0,0,0,0,0,0,0,0,0,108,,,
0,0.0,0,0,0,0,9999,0,0,0,0,999,0,0,0,0,0,0,0,0,0,0,0,0,0,0,0,0,0,0,0,0,0,0,0,0,0,0,0,101,,,
0,0.0,0,0,0,0,8172,0,0,1689,0,999,0,0,0,0,0,0,0,0,0,0,0,0,0,0,0,0,0,2,3,2,1,0,0,0,0,0,0,608,,,
0,0.0,0,0,0,0,9999,0,0,0,0,999,0,0,0,0,0,0,0,0,0,0,0,0,0,0,0,0,0,0,0,0,0,0,0,0,0,0,0,95,,,
0,0.0,0,0,0,0,9999,0,0,0,0,999,0,0,0,0,0,0,0,0,0,0,0,0,0,0,0,0,0,0,0,0,0,0,0,0,0,0,0,103,,,
0,0.0,0,0,0,0,9999,0,0,0,0,999,0,0,0,0,0,0,0,0,0,0,0,0,0,0,0,0,0,0,0,0,0,0,0,0,0,0,0,84,,,
0,0.0,0,0,0,0,434,0,0,295,0,999,0,0,0,0,0,0,0,0,0,0,0,0,0,0,0,0,0,0,3,4,1,0,0,0,0,0,0,466,,,
0,0.0,0,0,0,0,8111,0,0,289,0,999,0,0,0,0,0,0,0,0,0,0,0,0,0,0,0,0,0,0,13,2,0,0,0,0,0,0,0,103,,,
0,0.0,0,0,0,0,9999,0,0,0,0,999,0,0,0,0,0,0,0,0,0,0,0,0,0,0,0,0,0,0,0,0,0,0,0,0,0,0,0,81,,,
0,0.0,0,0,0,0,6024,0,0,184,0,999,0,0,0,0,0,0,0,0,0,0,0,0,0,0,0,0,0,4,3,4,0,0,0,0,0,0,0,111,,,
0,0.0,0,0,0,0,9920,0,0,2862,0,999,0,0,0,0,0,0,0,0,0,0,0,0,0,0,0,0,0,2,0,8,1,0,0,0,0,0,0,580,,,
0,0.0,0,0,0,0,6632,0,0,307,0,999,0,0,0,0,0,0,0,0,0,0,0,0,0,0,0,0,0,0,1,4,0,0,0,0,0,0,0,95,,,
0,0.0,0,0,0,0,7547,0,0,122,0,999,0,0,0,0,0,0,0,0,0,0,0,0,0,0,0,0,0,0,2,6,0,0,0,0,0,0,0,93,,,
19,3.5766,1,0,0,0,8264,0,0,136,0,999,0,1,0,0,0,0,1,199049,365,0,1,1,1,0,35,61,1,2,2,6,1,0,1,0,0,0,0,701,0.0,0.0,0.0
0,0.0,0,0,0,0,489,0,0,240,0,999,0,0,0,0,0,0,0,0,0,0,0,0,0,0,0,0,0,0,0,0,1,0,0,0,0,0,0,334,,,
0,0.0,0,0,0,0,9999,0,0,0,0,999,0,0,0,0,0,0,0,0,0,0,0,0,0,0,0,0,0,0,0,0,0,0,0,0,0,0,0,98,,,
0,0.0,0,0,0,0,9999,0,0,0,0,999,0,0,0,0,0,0,0,0,0,0,0,0,0,0,0,0,0,0,0,0,0,0,0,0,0,0,0,97,,,
0,0.0,0,0,0,0,3767,0,0,250,0,999,0,0,0,0,0,0,0,0,0,0,0,0,0,0,0,0,0,0,0,0,0,0,0,0,0,0,0,93,,,
0,0.0,0,0,0,0,7323,0,0,346,0,999,0,0,0,0,0,0,0,0,0,0,0,0,0,0,0,0,0,1,3,4,0,0,0,0,0,0,0,95,,,
0,0.0,0,0,0,0,9999,0,0,0,0,999,0,0,0,0,0,0,0,0,0,0,0,0,0,0,0,0,0,0,0,0,0,0,0,0,0,0,0,89,,,
0,0.0,0,0,0,0,9999,0,0,0,0,999,0,0,0,0,0,0,0,0,0,0,0,0,0,0,0,0,0,0,0,0,0,0,0,0,0,0,0,91,,,
0,0.0,0,0,0,0,9999,0,0,0,0,999,0,0,0,0,0,0,0,0,0,0,0,0,0,0,0,0,0,0,0,0,0,0,0,0,0,0,0,99,,,
0,0.0,0,0,0,0,9999,0,0,0,0,999,0,0,0,0,0,0,0,0,0,0,0,0,0,0,0,0,0,0,0,0,0,0,0,0,0,0,0,99,,,
0,0.0,0,0,0,0,9999,0,0,0,0,999,0,0,0,0,0,0,0,0,0,0,0,0,0,0,0,0,0,0,0,0,0,0,0,0,0,0,0,93,,,
0,0.0,0,0,0,0,9999,0,0,0,0,999,0,0,0,0,0,0,0,0,0,0,0,0,0,0,0,0,0,0,0,0,0,0,0,0,0,0,0,93,,,
0,0.0,0,0,0,0,9999,0,0,0,0,999,0,0,0,0,0,0,0,0,0,0,0,0,0,0,0,0,0,0,0,0,0,0,0,0,0,0,0,89,,,
0,0.0,0,0,0,0,9999,0,0,0,0,999,0,0,0,0,0,0,0,0,0,0,0,0,0,0,0,0,0,0,0,0,0,0,0,0,0,0,0,99,,,
0,0.0,0,0,0,0,9999,0,0,0,0,999,0,0,0,0,0,0,0,0,0,0,0,0,0,0,0,0,0,0,0,0,0,0,0,0,0,0,0,95,,,
0,0.0,0,0,0,0,9999,0,0,0,0,999,0,0,0,0,0,0,0,0,0,0,0,0,0,0,0,0,0,0,0,0,0,0,0,0,0,0,0,97,,,
0,0.0,0,0,0,0,7837,0,0,197,0,999,0,0,0,0,0,0,0,0,0,0,0,0,0,0,0,0,0,1,1,4,0,0,0,0,0,0,0,93,,,
0,0.0,0,0,0,0,8264,0,0,501,0,999,0,0,0,0,0,0,0,0,0,0,0,0,0,0,0,0,0,0,4,3,0,0,0,0,0,0,0,91,,,
0,0.0,0,0,0,0,6419,0,0,154,0,999,0,0,0,0,0,0,0,0,0,0,0,0,0,0,0,0,0,0,1,4,1,0,0,0,0,0,0,460,,,
0,0.0,0,0,0,0,3218,0,0,68,0,999,0,0,0,0,0,0,0,0,0,0,0,0,0,0,0,0,0,1,0,3,0,0,0,0,0,0,0,400,,,
0,0.0,0,0,0,0,9999,0,0,0,0,999,0,0,0,0,0,0,0,0,0,0,0,0,0,0,0,0,0,0,0,0,0,0,0,0,0,0,0,111,,,
0,0.0,0,0,0,0,9999,0,0,0,0,999,0,0,0,0,0,0,0,0,0,0,0,0,0,0,0,0,0,0,0,0,0,0,0,0,0,0,0,111,,,
0,0.0,0,0,0,0,7388,0,0,281,0,999,0,0,0,0,0,0,0,0,0,0,0,0,0,0,0,0,0,1,1,4,1,0,0,0,0,0,0,514,,,
0,0.0,0,0,0,0,7416,0,0,253,0,999,0,0,0,0,0,0,0,0,0,0,0,0,0,0,0,0,0,1,2,1,0,0,0,0,0,0,0,89,,,
0,0.0,0,0,0,0,7452,0,0,217,0,999,0,0,0,0,0,0,0,0,0,0,0,0,0,0,0,0,0,0,0,0,1,0,0,0,0,0,0,340,,,
22,3.7888,0,0,0,0,10291,0,0,1030,0,999,0,0,0,0,0,0,0,39104,0,0,0,0,0,0,0,0,0,2,1,3,1,0,0,0,0,0,0,371,0.0,0.0,0.0
22,3.6412,1,0,0,0,9999,0,0,0,0,999,0,0,0,0,0,0,0,391025,77,0,0,0,0,0,0,95,1,0,0,0,1,0,0,0,0,0,0,440,0.0,0.0,0.0
22,3.6412,1,0,0,0,9999,0,0,0,0,999,0,0,0,0,0,0,0,391025,77,0,0,0,0,0,0,95,1,0,0,0,0,0,0,0,0,0,0,435,0.0,0.0,0.0
22,3.6412,1,0,0,0,9999,0,0,0,0,999,0,0,0,0,0,0,0,391025,77,0,0,0,0,0,0,95,1,0,0,0,1,0,0,0,0,0,0,440,0.0,0.0,0.0
22,3.6412,1,0,0,0,9999,0,0,0,0,999,0,0,0,0,0,0,0,391025,77,0,0,0,0,0,0,95,1,0,0,0,0,0,0,0,0,0,0,435,0.0,0.0,0.0
23,3.882,0,0,0,0,8041,0,0,359,0,999,0,2,0,0,0,0,1,102773,248,0,0,0,0,0,0,82,1,1,0,4,1,0,2,0,0,0,0,580,0.0,0.0,0.0
22,3.516,1,0,0,0,9999,0,0,0,0,999,0,2,0,1,0,0,1,360462,49,8,1,0,0,0,0,139,1,0,0,0,1,0,2,0,0,0,0,633,0.0,0.0,0.0
0,0.0,0,0,0,0,10458,0,0,289,0,999,0,0,0,0,0,0,0,0,0,0,0,0,0,0,0,0,0,1,5,2,0,0,0,0,0,0,0,489,0.0,0.0,0.0
0,0.0,0,0,0,0,10458,0,0,289,0,999,0,0,0,0,0,0,0,0,0,0,0,0,0,0,0,0,0,1,5,2,0,0,1,0,0,0,0,504,0.0,0.0,0.0
0,0.0,0,0,0,0,10458,0,0,289,0,999,0,0,0,0,0,0,0,0,0,0,0,0,0,0,0,0,0,1,5,2,0,0,0,0,0,0,0,489,0.0,0.0,0.0
0,0.0,0,0,0,0,10458,0,0,289,0,999,0,0,0,0,0,0,0,0,0,0,0,0,0,0,0,0,0,1,5,2,0,0,1,0,0,0,0,504,0.0,0.0,0.0
32,4.0778,1,0,0,0,7109,0,0,195,0,999,0,0,0,0,0,0,1,131865,86,0,0,1,0,0,25,79,1,1,0,4,0,0,0,0,0,0,0,431,0.0,0.0,0.0
0,0.0,0,0,0,0,575,0,0,154,0,999,0,0,0,0,0,0,0,0,0,0,0,0,0,0,0,0,0,1,0,0,1,0,0,0,0,0,0,460,,,
26,3.8731,1,0,0,0,7530,0,0,139,0,999,0,1,0,0,0,0,0,94977,53,1,1,0,0,0,0,217,1,1,0,4,0,0,0,0,0,0,0,419,0.0,0.0,0.0
0,0.0,0,0,0,0,8264,0,0,136,0,999,0,0,0,0,0,0,0,0,0,0,0,0,0,0,0,0,0,1,1,5,0,0,0,0,0,0,0,462,,,
0,0.0,0,0,0,0,5807,0,0,2593,0,999,0,0,0,0,0,0,0,0,0,0,0,0,0,0,0,0,0,1,5,1,0,0,0,0,0,0,0,540,0.0,0.0,0.0
0,0.0,0,0,0,0,5807,0,0,2593,0,999,0,0,0,0,0,0,0,0,0,0,0,0,0,0,0,0,0,1,5,1,1,0,1,1,1,0,0,653,0.0,0.0,0.0
0,0.0,0,0,0,0,5807,0,0,2593,0,999,0,0,0,0,0,0,0,0,0,0,0,0,0,0,0,0,0,1,5,1,0,0,0,0,0,0,0,540,0.0,0.0,0.0
0,0.0,0,0,0,0,5807,0,0,2593,0,999,0,0,0,0,0,0,0,0,0,0,0,0,0,0,0,0,0,1,5,1,1,0,1,1,1,0,0,653,0.0,0.0,0.0
0,0.0,0,0,0,0,7158,0,0,146,0,999,0,0,0,0,0,0,0,0,0,0,0,0,0,0,0,0,0,1,3,4,0,0,0,0,0,0,0,474,0.0,0.0,0.0
0,0.0,0,0,0,0,7158,0,0,146,0,999,0,0,0,0,0,0,0,0,0,0,0,0,0,0,0,0,0,1,3,4,1,0,0,0,0,0,0,373,0.0,0.0,0.0
0,0.0,0,0,0,0,7158,0,0,146,0,999,0,0,0,0,0,0,0,0,0,0,0,0,0,0,0,0,0,1,3,4,0,0,0,0,0,0,0,474,0.0,0.0,0.0
0,0.0,0,0,0,0,7158,0,0,146,0,999,0,0,0,0,0,0,0,0,0,0,0,0,0,0,0,0,0,1,3,4,1,0,0,0,0,0,0,373,0.0,0.0,0.0
19,3.5766,1,0,0,0,3690,0,0,327,0,999,0,1,0,0,0,0,0,169734,60,1,1,0,0,0,0,95,1,1,0,4,1,0,1,0,0,0,0,587,0.0,0.0,0.0
21,3.7849,1,0,0,0,8286,0,0,136,0,999,0,2,0,0,0,0,1,53805,21,1,1,0,0,0,0,47,1,1,3,4,1,0,2,1,0,0,0,604,0.0,0.0,0.0
0,0.0,0,0,0,0,3177,0,0,474,0,999,0,0,0,0,0,0,0,0,0,0,0,0,0,0,0,0,0,2,0,6,0,0,0,0,0,0,0,546,0.0,0.0,0.0
0,0.0,0,0,0,0,3177,0,0,474,0,999,0,0,0,0,0,0,0,0,0,0,0,0,0,0,0,0,0,2,0,6,0,0,0,0,0,0,0,529,0.0,0.0,0.0
0,0.0,0,0,0,0,3177,0,0,474,0,999,0,0,0,0,0,0,0,0,0,0,0,0,0,0,0,0,0,2,0,6,0,0,0,0,0,0,0,546,0.0,0.0,0.0
0,0.0,0,0,0,0,3177,0,0,474,0,999,0,0,0,0,0,0,0,0,0,0,0,0,0,0,0,0,0,2,0,6,0,0,0,0,0,0,0,529,0.0,0.0,0.0
21,3.6538,1,0,0,0,7215,0,0,89,0,999,0,0,0,0,0,0,0,34813,1,0,0,0,0,0,0,4,1,1,3,4,1,0,0,0,0,0,0,440,0.0,0.0,0.0
0,0.0,0,0,0,0,8264,0,0,866,0,999,0,0,0,0,0,0,0,0,0,0,0,0,0,0,0,0,0,2,3,2,0,0,0,0,0,0,0,93,,,
20,3.5842,1,0,0,0,8250,0,0,515,0,999,0,0,0,0,0,0,4,265725,85,16,1,0,0,0,0,110,1,1,2,3,1,0,0,0,1,0,0,537,0.0,0.0,0.0
0,0.0,0,0,0,0,139,0,0,3512,0,999,0,0,0,0,0,0,0,0,0,0,0,0,0,0,0,0,0,0,3,4,0,0,0,0,0,0,0,415,,,
0,0.0,0,0,0,0,7958,0,0,77,0,999,0,0,0,0,0,0,0,0,0,0,0,0,0,0,0,0,0,1,3,4,0,0,0,0,0,0,0,480,0.0,0.0,0.0
0,0.0,0,0,0,0,7958,0,0,77,0,999,0,0,0,0,0,0,0,0,0,0,0,0,0,0,0,0,0,1,3,4,1,10,0,1,0,0,0,682,0.0,0.0,0.0
0,0.0,0,0,0,0,7958,0,0,77,0,999,0,0,0,0,0,0,0,0,0,0,0,0,0,0,0,0,0,1,3,4,0,0,0,0,0,0,0,480,0.0,0.0,0.0
0,0.0,0,0,0,0,7958,0,0,77,0,999,0,0,0,0,0,0,0,0,0,0,0,0,0,0,0,0,0,1,3,4,1,10,0,1,0,0,0,682,0.0,0.0,0.0
19,3.5766,1,0,0,0,8233,0,0,167,0,999,0,0,0,0,0,0,1,51361,29,1,0,0,0,0,0,77,1,1,1,2,1,0,0,0,0,0,0,476,0.0,0.0,0.0
0,0.0,0,0,0,0,10512,0,0,78,0,999,0,0,0,0,0,0,0,0,0,0,0,0,0,0,0,0,0,2,1,6,0,0,0,0,0,0,0,591,0.0,0.0,0.0
0,0.0,0,0,0,0,10512,0,0,78,0,999,0,0,0,0,0,0,0,0,0,0,0,0,0,0,0,0,0,2,1,6,1,0,2,1,0,0,0,590,0.0,0.0,0.0
0,0.0,0,0,0,0,10512,0,0,78,0,999,0,0,0,0,0,0,0,0,0,0,0,0,0,0,0,0,0,2,1,6,0,0,0,0,0,0,0,591,0.0,0.0,0.0
0,0.0,0,0,0,0,10512,0,0,78,0,999,0,0,0,0,0,0,0,0,0,0,0,0,0,0,0,0,0,2,1,6,1,0,2,1,0,0,0,590,0.0,0.0,0.0
0,0.0,0,0,0,0,7599,0,0,70,0,999,0,0,0,0,0,0,0,0,0,0,0,0,0,0,0,0,0,0,0,0,0,0,0,0,0,0,0,97,,,
0,0.0,0,0,0,0,8573,0,0,192,0,999,0,0,0,0,0,0,0,0,0,0,0,0,0,0,0,0,0,2,2,2,0,0,0,0,0,0,0,505,,,
21,3.6538,1,0,0,0,6286,0,0,287,0,999,0,1,0,0,0,0,4,3158830,596,0,0,0,0,0,0,162,1,1,1,2,1,0,1,0,1,0,0,598,0.0,0.0,0.0
0,0.0,0,0,0,0,7762,0,0,272,0,999,0,0,0,0,0,0,0,0,0,0,0,0,0,0,0,0,0,1,3,4,0,0,0,0,0,0,0,470,0.0,0.0,0.0
0,0.0,0,0,0,0,7762,0,0,272,0,999,0,0,0,0,0,0,0,0,0,0,0,0,0,0,0,0,0,1,3,4,1,0,1,0,0,0,0,639,0.0,0.0,0.0
0,0.0,0,0,0,0,7762,0,0,272,0,999,0,0,0,0,0,0,0,0,0,0,0,0,0,0,0,0,0,1,3,4,0,0,0,0,0,0,0,470,0.0,0.0,0.0
0,0.0,0,0,0,0,7762,0,0,272,0,999,0,0,0,0,0,0,0,0,0,0,0,0,0,0,0,0,0,1,3,4,1,0,1,0,0,0,0,639,0.0,0.0,0.0
0,0.0,0,0,0,0,7526,0,0,143,0,999,0,0,0,0,0,0,0,0,0,0,0,0,0,0,0,0,0,2,0,2,0,0,0,0,0,0,0,417,0.0,0.0,0.0
0,0.0,0,0,0,0,7526,0,0,143,0,999,0,0,0,0,0,0,0,0,0,0,0,0,0,0,0,0,0,2,0,2,1,0,1,1,1,0,0,702,0.0,0.0,0.0
0,0.0,0,0,0,0,7526,0,0,143,0,999,0,0,0,0,0,0,0,0,0,0,0,0,0,0,0,0,0,2,0,2,0,0,0,0,0,0,0,417,0.0,0.0,0.0
0,0.0,0,0,0,0,7526,0,0,143,0,999,0,0,0,0,0,0,0,0,0,0,0,0,0,0,0,0,0,2,0,2,1,0,1,1,1,0,0,702,0.0,0.0,0.0
23,3.7623,1,0,0,0,7868,0,0,166,0,999,0,0,0,0,0,0,0,144,0,0,0,0,0,0,0,0,0,1,0,4,1,0,0,0,0,0,0,374,0.0,0.0,0.0
0,0.0,0,0,0,0,10319,0,0,271,0,999,0,0,0,0,0,0,0,0,0,0,0,0,0,0,0,0,0,1,0,3,0,0,0,0,0,0,0,420,,,
0,0.0,0,0,0,0,7599,0,0,70,0,999,0,0,0,0,0,0,0,0,0,0,0,0,0,0,0,0,0,1,3,0,0,0,0,0,0,0,0,403,0.0,0.0,0.0
0,0.0,0,0,0,0,7599,0,0,70,0,999,0,0,0,0,0,0,0,0,0,0,0,0,0,0,0,0,0,1,3,0,1,0,1,1,0,0,0,607,0.0,0.0,0.0
0,0.0,0,0,0,0,7599,0,0,70,0,999,0,0,0,0,0,0,0,0,0,0,0,0,0,0,0,0,0,1,3,0,0,0,0,0,0,0,0,403,0.0,0.0,0.0
0,0.0,0,0,0,0,7599,0,0,70,0,999,0,0,0,0,0,0,0,0,0,0,0,0,0,0,0,0,0,1,3,0,1,0,1,1,0,0,0,607,0.0,0.0,0.0
23,3.8492,1,0,0,0,7899,0,0,136,0,999,0,0,0,0,0,0,0,309,0,0,0,0,0,0,0,0,0,2,2,3,1,0,0,0,0,0,0,374,0.0,0.0,0.0
0,0.0,0,0,0,0,4857,0,0,255,0,999,0,0,0,0,0,0,0,0,0,0,0,0,0,0,0,0,0,1,3,4,0,0,0,0,0,0,0,521,,,
0,0.0,0,0,0,0,4253,0,0,129,0,999,0,0,0,0,0,0,0,0,0,0,0,0,0,0,0,0,0,1,0,0,0,0,0,0,0,0,0,352,,,
0,0.0,0,0,0,0,8264,0,0,866,0,999,0,0,0,0,0,0,0,0,0,0,0,0,0,0,0,0,0,1,3,2,0,0,0,0,0,0,0,490,0.0,0.0,0.0
0,0.0,0,0,0,0,8264,0,0,866,0,999,0,0,0,0,0,0,0,0,0,0,0,0,0,0,0,0,0,1,3,2,1,0,1,0,0,0,0,569,0.0,0.0,0.0
0,0.0,0,0,0,0,8264,0,0,866,0,999,0,0,0,0,0,0,0,0,0,0,0,0,0,0,0,0,0,1,3,2,0,0,0,0,0,0,0,490,0.0,0.0,0.0
0,0.0,0,0,0,0,8264,0,0,866,0,999,0,0,0,0,0,0,0,0,0,0,0,0,0,0,0,0,0,1,3,2,1,0,1,0,0,0,0,569,0.0,0.0,0.0
0,0.0,0,0,0,0,10023,0,0,933,0,999,0,0,0,0,0,0,0,0,0,0,0,0,0,0,0,0,0,2,1,4,0,0,0,0,0,0,0,573,0.0,0.0,0.0
0,0.0,0,0,0,0,10023,0,0,933,0,999,0,0,0,0,0,0,0,0,0,0,0,0,0,0,0,0,0,2,1,4,1,0,0,0,1,0,0,506,0.0,0.0,0.0
0,0.0,0,0,0,0,10023,0,0,933,0,999,0,0,0,0,0,0,0,0,0,0,0,0,0,0,0,0,0,2,1,4,0,0,0,0,0,0,0,573,0.0,0.0,0.0
0,0.0,0,0,0,0,10023,0,0,933,0,999,0,0,0,0,0,0,0,0,0,0,0,0,0,0,0,0,0,2,1,4,1,0,0,0,1,0,0,506,0.0,0.0,0.0
0,0.0,0,0,0,0,6095,0,0,1209,0,999,0,0,0,0,0,0,0,0,0,0,0,0,0,0,0,0,0,0,0,0,0,0,0,0,0,0,0,262,,,
0,0.0,0,0,0,0,3893,0,0,124,0,999,0,0,0,0,0,0,0,0,0,0,0,0,0,0,0,0,0,3,0,4,0,0,0,0,0,0,0,453,0.0,0.0,0.0
0,0.0,0,0,0,0,3893,0,0,124,0,999,0,0,0,0,0,0,0,0,0,0,0,0,0,0,0,0,0,3,0,4,1,10,0,1,1,0,0,562,0.0,0.0,0.0
0,0.0,0,0,0,0,3893,0,0,124,0,999,0,0,0,0,0,0,0,0,0,0,0,0,0,0,0,0,0,3,0,4,0,0,0,0,0,0,0,453,0.0,0.0,0.0
0,0.0,0,0,0,0,3893,0,0,124,0,999,0,0,0,0,0,0,0,0,0,0,0,0,0,0,0,0,0,3,0,4,1,10,0,1,1,0,0,562,0.0,0.0,0.0
0,0.0,0,0,0,0,8264,0,0,136,0,999,0,0,0,0,0,0,0,0,0,0,0,0,0,0,0,0,0,1,1,3,0,0,0,0,0,0,0,490,,,
0,0.0,0,0,0,0,7899,0,0,3058,0,999,0,0,0,0,0,0,0,0,0,0,0,0,0,0,0,0,0,1,4,3,0,0,0,0,0,0,0,486,0.0,0.0,0.0
0,0.0,0,0,0,0,7899,0,0,3058,0,999,0,0,0,0,0,0,0,0,0,0,0,0,0,0,0,0,0,1,4,3,1,0,2,0,0,0,0,641,0.0,0.0,0.0
0,0.0,0,0,0,0,7899,0,0,3058,0,999,0,0,0,0,0,0,0,0,0,0,0,0,0,0,0,0,0,1,4,3,0,0,0,0,0,0,0,486,0.0,0.0,0.0
0,0.0,0,0,0,0,7899,0,0,3058,0,999,0,0,0,0,0,0,0,0,0,0,0,0,0,0,0,0,0,1,4,3,1,0,2,0,0,0,0,641,0.0,0.0,0.0
23,3.7623,1,0,0,0,8183,0,0,217,0,999,0,0,0,0,0,0,0,435,0,0,0,0,0,0,0,73,1,3,1,2,1,0,0,0,0,0,0,374,0.0,0.0,0.0
0,0.0,0,0,0,0,3291,0,0,360,0,999,0,0,0,0,0,0,0,0,0,0,0,0,0,0,0,0,0,1,1,2,0,0,0,0,0,0,0,415,0.0,0.0,0.0
0,0.0,0,0,0,0,3291,0,0,360,0,999,0,0,0,0,0,0,0,0,0,0,0,0,0,0,0,0,0,1,1,2,1,0,0,1,1,0,0,500,0.0,0.0,0.0
0,0.0,0,0,0,0,3291,0,0,360,0,999,0,0,0,0,0,0,0,0,0,0,0,0,0,0,0,0,0,1,1,2,0,0,0,0,0,0,0,415,0.0,0.0,0.0
0,0.0,0,0,0,0,3291,0,0,360,0,999,0,0,0,0,0,0,0,0,0,0,0,0,0,0,0,0,0,1,1,2,1,0,0,1,1,0,0,500,0.0,0.0,0.0
0,0.0,0,0,0,0,3357,0,0,294,0,999,0,0,0,0,0,0,0,0,0,0,0,0,0,0,0,0,0,1,3,4,0,0,0,0,0,0,0,522,0.0,0.0,0.0
0,0.0,0,0,0,0,3357,0,0,294,0,999,0,0,0,0,0,0,0,0,0,0,0,0,0,0,0,0,0,1,3,4,0,0,0,0,0,0,0,362,0.0,0.0,0.0
0,0.0,0,0,0,0,3357,0,0,294,0,999,0,0,0,0,0,0,0,0,0,0,0,0,0,0,0,0,0,1,3,4,0,0,0,0,0,0,0,522,0.0,0.0,0.0
0,0.0,0,0,0,0,3357,0,0,294,0,999,0,0,0,0,0,0,0,0,0,0,0,0,0,0,0,0,0,1,3,4,0,0,0,0,0,0,0,362,0.0,0.0,0.0
0,0.0,0,0,0,0,2785,0,0,136,0,999,0,0,0,0,0,0,0,0,0,0,0,0,0,0,0,0,0,3,3,7,0,0,0,0,0,0,0,679,0.0,0.0,0.0
0,0.0,0,0,0,0,2785,0,0,136,0,999,0,0,0,0,0,0,0,0,0,0,0,0,0,0,0,0,0,3,3,7,1,0,1,1,0,0,0,613,0.0,0.0,0.0
0,0.0,0,0,0,0,2785,0,0,136,0,999,0,0,0,0,0,0,0,0,0,0,0,0,0,0,0,0,0,3,3,7,0,0,0,0,0,0,0,679,0.0,0.0,0.0
0,0.0,0,0,0,0,2785,0,0,136,0,999,0,0,0,0,0,0,0,0,0,0,0,0,0,0,0,0,0,3,3,7,1,0,1,1,0,0,0,613,0.0,0.0,0.0
21,3.749,1,0,0,0,3690,0,0,327,0,999,0,2,0,0,0,0,2,529631,64,0,1,0,0,0,20,150,1,2,3,4,1,0,2,1,0,0,0,641,0.0,0.0,0.0
0,0.0,0,0,0,0,7277,0,0,757,0,999,0,0,0,0,0,0,0,0,0,0,0,0,0,0,0,0,0,1,5,2,0,0,0,0,0,0,0,525,,,
0,0.0,0,0,0,0,7599,0,0,70,0,999,0,0,0,0,0,0,0,0,0,0,0,0,0,0,0,0,0,0,0,0,0,0,0,0,0,0,0,97,,,
0,0.0,0,0,0,0,6602,0,0,337,0,999,0,0,0,0,0,0,0,0,0,0,0,0,0,0,0,0,0,1,0,0,0,0,0,0,0,0,0,359,,,
0,0.0,0,0,0,0,8080,0,0,320,0,999,0,0,0,0,0,0,0,0,0,0,0,0,0,0,0,0,0,1,2,4,1,0,0,0,0,0,0,551,,,
0,0.0,0,0,0,0,7958,0,0,77,0,999,0,0,0,0,0,0,0,0,0,0,0,0,0,0,0,0,0,1,1,3,1,0,0,0,0,0,0,512,,,
23,3.882,1,0,0,0,5377,0,0,101,0,999,0,1,0,0,0,0,0,73847,29,0,1,0,0,0,0,53,1,1,1,4,1,0,1,0,0,0,0,570,0.0,0.0,0.0
0,0.0,0,0,0,0,7416,0,0,253,0,999,0,0,0,0,0,0,0,0,0,0,0,0,0,0,0,0,0,1,1,3,0,0,0,0,0,0,0,427,,,
0,0.0,0,0,0,0,8533,0,0,597,0,999,0,0,0,0,0,0,0,0,0,0,0,0,0,0,0,0,0,1,3,6,1,0,0,0,0,0,0,588,,,
0,0.0,0,0,0,0,1862,0,0,328,0,999,0,0,0,0,0,0,0,0,0,0,0,0,0,0,0,0,0,1,0,4,0,0,0,0,0,0,0,417,0.0,0.0,0.0
0,0.0,0,0,0,0,1862,0,0,328,0,999,0,0,0,0,0,0,0,0,0,0,0,0,0,0,0,0,0,1,0,4,1,0,0,0,0,0,0,387,0.0,0.0,0.0
0,0.0,0,0,0,0,1862,0,0,328,0,999,0,0,0,0,0,0,0,0,0,0,0,0,0,0,0,0,0,1,0,4,0,0,0,0,0,0,0,417,0.0,0.0,0.0
0,0.0,0,0,0,0,1862,0,0,328,0,999,0,0,0,0,0,0,0,0,0,0,0,0,0,0,0,0,0,1,0,4,1,0,0,0,0,0,0,387,0.0,0.0,0.0
0,0.0,0,0,0,0,7545,0,0,124,0,999,0,0,0,0,0,0,0,0,0,0,0,0,0,0,0,0,0,1,0,2,0,0,0,0,0,0,0,393,0.0,0.0,0.0
0,0.0,0,0,0,0,7545,0,0,124,0,999,0,0,0,0,0,0,0,0,0,0,0,0,0,0,0,0,0,1,0,2,1,0,3,0,0,0,0,626,0.0,0.0,0.0
0,0.0,0,0,0,0,7545,0,0,124,0,999,0,0,0,0,0,0,0,0,0,0,0,0,0,0,0,0,0,1,0,2,0,0,0,0,0,0,0,393,0.0,0.0,0.0
0,0.0,0,0,0,0,7545,0,0,124,0,999,0,0,0,0,0,0,0,0,0,0,0,0,0,0,0,0,0,1,0,2,1,0,3,0,0,0,0,626,0.0,0.0,0.0
25,3.9435,1,0,0,0,7454,0,0,215,0,999,0,1,0,0,0,0,0,64969,28,4,1,0,0,0,0,241,1,1,1,4,1,0,1,0,0,0,0,576,0.0,0.0,0.0
27,3.708,1,0,0,0,8390,0,0,10,0,999,0,1,0,0,0,0,1,2174180,14,0,0,0,0,0,0,67,1,1,1,2,1,0,1,0,0,0,0,591,0.0,0.0,0.0
20,3.3464,1,0,0,0,7899,0,0,136,0,999,0,1,0,0,0,0,0,67802,126,0,0,0,0,0,0,38,1,1,1,7,1,0,1,0,0,0,0,529,0.0,0.0,0.0
0,0.0,0,0,0,0,7145,0,0,159,0,999,0,0,0,0,0,0,0,0,0,0,0,0,0,0,0,0,0,1,3,4,0,0,0,0,0,0,0,470,,,
33,4.0438,1,0,0,0,8264,0,0,136,0,999,0,0,0,0,0,0,0,7525,1,0,0,1,0,0,25,1,1,0,3,2,1,10,0,0,0,0,0,582,0.0,0.0,0.0
0,0.0,0,0,0,0,7545,0,0,124,0,999,0,0,0,0,0,0,0,0,0,0,0,0,0,0,0,0,0,1,0,2,0,0,0,0,0,0,0,387,,,
0,0.0,0,0,0,0,9743,0,0,3040,0,999,0,0,0,0,0,0,0,0,0,0,0,0,0,0,0,0,0,1,1,2,1,0,0,0,0,0,0,520,,,
23,3.7294,1,0,0,0,7895,0,0,139,0,999,0,0,0,0,0,0,2,4108120,126,1,0,0,0,0,0,72,1,1,5,2,1,0,0,1,0,0,0,497,0.0,0.0,0.0
36,3.7454,2,0,0,0,8162,0,0,603,0,999,0,1,0,0,0,0,0,277444,108,1,1,0,0,0,0,197,1,1,0,0,1,0,1,0,0,0,0,592,0.0,0.0,0.0
0,0.0,0,0,0,0,7599,0,0,70,0,999,0,0,0,0,0,0,0,0,0,0,0,0,0,0,0,0,0,0,3,4,0,0,0,0,0,0,0,385,,,
23,3.882,1,0,0,0,7806,0,0,228,0,999,0,0,0,0,0,0,1,28007,1,0,0,0,0,0,0,46,1,1,1,2,1,0,0,1,0,0,0,486,0.0,0.0,0.0
0,0.0,0,0,0,0,8264,0,0,136,0,999,0,0,0,0,0,0,0,0,0,0,0,0,0,0,0,0,0,0,0,0,0,0,0,0,0,0,0,269,,,
0,0.0,0,0,0,0,5632,0,0,211,0,999,0,0,0,0,0,0,0,0,0,0,0,0,0,0,0,0,0,1,1,4,0,0,0,0,0,0,0,445,,,
23,3.7951,0,0,0,0,9358,0,0,502,0,999,0,2,0,0,0,0,2,399313,189,0,1,0,0,0,0,102,1,1,0,2,1,0,2,1,0,0,0,620,0.0,0.0,0.0
19,3.3264,1,0,0,0,7776,0,0,2815,0,999,0,4,0,0,0,0,2,308623,55,1,0,0,0,0,0,114,1,1,7,5,1,0,4,1,0,0,0,573,0.0,0.0,0.0
0,0.0,0,0,0,0,8264,0,0,1597,0,999,0,0,0,0,0,0,0,0,0,0,0,0,0,0,0,0,0,1,5,2,0,0,0,0,0,0,0,563,,,
0,0.0,0,0,0,0,8264,0,0,136,0,999,0,0,0,0,0,0,0,0,0,0,0,0,0,0,0,0,0,1,1,4,0,0,0,0,0,0,0,513,0.0,0.0,0.0
0,0.0,0,0,0,0,8264,0,0,136,0,999,0,0,0,0,0,0,0,0,0,0,0,0,0,0,0,0,0,1,1,4,1,31,1,0,0,0,0,1410,0.0,0.0,0.0
0,0.0,0,0,0,0,8264,0,0,136,0,999,0,0,0,0,0,0,0,0,0,0,0,0,0,0,0,0,0,1,1,4,0,0,0,0,0,0,0,513,0.0,0.0,0.0
0,0.0,0,0,0,0,8264,0,0,136,0,999,0,0,0,0,0,0,0,0,0,0,0,0,0,0,0,0,0,1,1,4,1,31,1,0,0,0,0,1410,0.0,0.0,0.0
18,3.3083,1,0,0,0,2709,0,0,1673,0,999,0,1,0,0,0,0,3,465727,34,1,0,0,0,0,0,55,1,1,1,2,1,0,1,1,0,0,0,579,0.0,0.0,0.0
33,3.9226,1,0,0,0,6087,0,0,1582,0,999,0,0,0,0,0,0,0,8500,0,1,0,1,0,0,25,42,1,4,0,4,1,0,0,0,0,0,0,496,0.0,0.0,0.0
0,0.0,0,0,0,0,9454,0,0,42,0,999,0,0,0,0,0,0,0,0,0,0,0,0,0,0,0,0,0,0,3,4,1,0,0,0,0,0,0,526,,,
0,0.0,0,0,0,0,9999,0,0,0,0,999,0,0,0,0,0,0,0,0,0,0,0,0,0,0,0,0,0,0,0,0,0,0,0,0,0,0,0,95,,,
0,0.0,0,0,0,0,292,0,0,437,0,999,0,0,0,0,0,0,0,0,0,0,0,0,0,0,0,0,0,1,3,4,0,0,0,0,0,0,0,477,0.0,0.0,0.0
0,0.0,0,0,0,0,292,0,0,437,0,999,0,0,0,0,0,0,0,0,0,0,0,0,0,0,0,0,0,1,3,4,1,0,0,0,0,0,0,370,0.0,0.0,0.0
0,0.0,0,0,0,0,292,0,0,437,0,999,0,0,0,0,0,0,0,0,0,0,0,0,0,0,0,0,0,1,3,4,0,0,0,0,0,0,0,477,0.0,0.0,0.0
0,0.0,0,0,0,0,292,0,0,437,0,999,0,0,0,0,0,0,0,0,0,0,0,0,0,0,0,0,0,1,3,4,1,0,0,0,0,0,0,370,0.0,0.0,0.0
0,0.0,0,0,0,0,9999,0,0,0,0,999,0,0,0,0,0,0,0,0,0,0,0,0,0,0,0,0,0,0,0,0,0,0,0,0,0,0,0,84,,,
0,0.0,0,0,0,0,9999,0,0,0,0,999,0,0,0,0,0,0,0,0,0,0,0,0,0,0,0,0,0,0,0,0,1,0,0,0,0,0,0,239,,,
0,0.0,0,0,0,0,9999,0,0,0,0,999,0,0,0,0,0,0,0,0,0,0,0,0,0,0,0,0,0,0,0,0,1,0,0,0,0,0,0,243,,,
0,0.0,0,0,0,0,9999,0,0,0,0,999,0,0,0,0,0,0,0,0,0,0,0,0,0,0,0,0,0,0,0,0,1,0,0,0,0,0,0,243,,,
22,3.8797,1,0,0,0,7745,0,0,289,0,999,0,5,0,0,0,0,0,308165,55,2,1,0,0,0,20,153,1,1,1,3,1,0,5,0,0,0,0,595,0.0,0.0,0.0
24,3.6054,1,0,0,0,7599,0,0,70,0,999,0,2,0,0,0,0,0,79289,87,0,0,0,0,0,0,79,1,1,0,0,1,0,2,0,0,0,0,540,0.0,0.0,0.0
19,3.5766,1,0,0,0,8264,0,0,136,0,999,0,1,0,0,0,0,0,194516,52,4,1,0,0,0,0,166,1,1,1,1,0,0,1,0,0,0,0,577,0.0,0.0,0.0
0,0.0,0,0,0,0,7545,0,0,854,0,999,0,0,0,0,0,0,0,0,0,0,0,0,0,0,0,0,0,1,1,2,1,0,0,0,0,0,0,522,0.0,0.0,0.0
0,0.0,0,0,0,0,7545,0,0,854,0,999,0,0,0,0,0,0,0,0,0,0,0,0,0,0,0,0,0,1,1,2,1,0,0,0,0,0,0,376,0.0,0.0,0.0
0,0.0,0,0,0,0,7545,0,0,854,0,999,0,0,0,0,0,0,0,0,0,0,0,0,0,0,0,0,0,1,1,2,1,0,0,0,0,0,0,522,0.0,0.0,0.0
0,0.0,0,0,0,0,7545,0,0,854,0,999,0,0,0,0,0,0,0,0,0,0,0,0,0,0,0,0,0,1,1,2,1,0,0,0,0,0,0,376,0.0,0.0,0.0
25,3.7533,1,0,0,0,8172,0,0,228,0,999,0,1,0,0,0,0,0,246062,141,1,0,0,0,0,0,204,1,1,4,2,1,0,1,0,0,0,0,544,0.0,0.0,0.0
0,0.0,0,0,0,0,7899,0,0,136,0,999,0,0,0,0,0,0,0,0,0,0,0,0,0,0,0,0,0,1,1,3,1,0,0,0,0,0,0,502,0.0,0.0,0.0
0,0.0,0,0,0,0,7899,0,0,136,0,999,0,0,0,0,0,0,0,0,0,0,0,0,0,0,0,0,0,1,1,3,1,0,0,1,0,0,0,481,0.0,0.0,0.0
0,0.0,0,0,0,0,7899,0,0,136,0,999,0,0,0,0,0,0,0,0,0,0,0,0,0,0,0,0,0,1,1,3,1,0,0,0,0,0,0,502,0.0,0.0,0.0
0,0.0,0,0,0,0,7899,0,0,136,0,999,0,0,0,0,0,0,0,0,0,0,0,0,0,0,0,0,0,1,1,3,1,0,0,1,0,0,0,481,0.0,0.0,0.0
0,0.0,0,0,0,0,8675,0,0,90,0,999,0,0,0,0,0,0,0,0,0,0,0,0,0,0,0,0,0,1,1,2,1,0,0,0,0,0,0,498,0.0,0.0,0.0
0,0.0,0,0,0,0,8675,0,0,90,0,999,0,0,0,0,0,0,0,0,0,0,0,0,0,0,0,0,0,1,1,2,1,0,0,0,0,0,0,452,0.0,0.0,0.0
0,0.0,0,0,0,0,8675,0,0,90,0,999,0,0,0,0,0,0,0,0,0,0,0,0,0,0,0,0,0,1,1,2,1,0,0,0,0,0,0,498,0.0,0.0,0.0
0,0.0,0,0,0,0,8675,0,0,90,0,999,0,0,0,0,0,0,0,0,0,0,0,0,0,0,0,0,0,1,1,2,1,0,0,0,0,0,0,452,0.0,0.0,0.0
0,0.0,0,0,0,0,8264,0,0,136,0,999,0,0,0,0,0,0,0,0,0,0,0,0,0,0,0,0,0,2,3,4,1,0,0,0,0,0,0,614,0.0,0.0,0.0
0,0.0,0,0,0,0,8264,0,0,136,0,999,0,0,0,0,0,0,0,0,0,0,0,0,0,0,0,0,0,2,3,4,1,0,1,1,0,0,0,660,0.0,0.0,0.0
0,0.0,0,0,0,0,8264,0,0,136,0,999,0,0,0,0,0,0,0,0,0,0,0,0,0,0,0,0,0,2,3,4,1,0,0,0,0,0,0,614,0.0,0.0,0.0
0,0.0,0,0,0,0,8264,0,0,136,0,999,0,0,0,0,0,0,0,0,0,0,0,0,0,0,0,0,0,2,3,4,1,0,1,1,0,0,0,660,0.0,0.0,0.0
25,3.9435,1,0,0,0,7717,0,0,317,0,999,0,3,0,2,0,0,2,276916,153,3,0,0,1,0,10,118,1,1,1,4,1,0,3,1,0,0,0,658,0.0,0.0,0.0
18,3.5724,1,0,0,0,7416,0,0,253,0,999,0,1,0,0,0,0,0,38884,57,0,0,0,0,0,0,86,1,1,1,4,1,0,1,0,0,0,0,522,0.0,0.0,0.0
0,0.0,0,0,0,0,5058,0,0,55,0,999,0,0,0,0,0,0,0,0,0,0,0,0,0,0,0,0,0,2,1,4,1,0,0,0,0,0,0,565,,,
24,3.7406,1,0,0,0,6761,0,0,178,0,999,0,0,0,0,0,0,0,52978,32,0,0,0,0,0,0,13,1,1,1,2,1,0,0,0,0,0,0,450,0.0,0.0,0.0
0,0.0,0,0,0,0,7745,0,0,289,0,999,0,0,0,0,0,0,0,0,0,0,0,0,0,0,0,0,0,1,1,4,1,0,0,0,0,0,0,516,0.0,0.0,0.0
0,0.0,0,0,0,0,7745,0,0,289,0,999,0,0,0,0,0,0,0,0,0,0,0,0,0,0,0,0,0,1,1,4,1,0,1,1,0,0,0,582,0.0,0.0,0.0
0,0.0,0,0,0,0,7745,0,0,289,0,999,0,0,0,0,0,0,0,0,0,0,0,0,0,0,0,0,0,1,1,4,1,0,0,0,0,0,0,516,0.0,0.0,0.0
0,0.0,0,0,0,0,7745,0,0,289,0,999,0,0,0,0,0,0,0,0,0,0,0,0,0,0,0,0,0,1,1,4,1,0,1,1,0,0,0,582,0.0,0.0,0.0
18,3.5724,1,0,0,0,7416,0,0,253,0,999,0,1,0,0,0,0,1,121736,44,0,1,0,1,0,10,137,1,1,1,3,1,0,1,0,0,0,0,661,0.0,0.0,0.0
0,0.0,0,0,0,0,4184,0,0,198,0,999,0,0,0,0,0,0,0,0,0,0,0,0,0,0,0,0,0,1,1,3,1,0,0,0,0,0,0,543,,,
23,3.7623,1,0,0,0,7556,0,0,113,0,999,0,0,0,0,0,0,0,257088,70,1,1,0,0,0,0,198,1,1,1,4,1,0,0,0,0,0,0,480,0.0,0.0,0.0
0,0.0,0,0,0,0,8271,0,0,136,0,999,0,0,0,0,0,0,0,0,0,0,0,0,0,0,0,0,0,1,2,4,1,0,0,0,0,0,0,546,,,
0,0.0,0,0,0,0,7416,0,0,253,0,999,0,0,0,0,0,0,0,0,0,0,0,0,0,0,0,0,0,1,1,4,1,0,0,0,0,0,0,507,,,
0,0.0,0,0,0,0,5205,0,0,273,0,999,0,0,0,0,0,0,0,0,0,0,0,0,0,0,0,0,0,1,0,4,1,0,0,0,0,0,0,492,,,
21,3.749,1,0,0,0,5951,0,0,257,0,999,0,0,0,0,0,0,0,5152,0,0,0,0,0,0,0,5,1,2,1,4,1,0,0,0,0,0,0,368,0.0,0.0,0.0
0,0.0,0,0,0,0,6121,0,0,87,0,999,0,0,0,0,0,0,0,0,0,0,0,0,0,0,0,0,0,1,1,4,0,0,0,0,0,0,0,89,,,
0,0.0,0,0,0,0,10185,0,0,2231,0,999,0,0,0,0,0,0,0,0,0,0,0,0,0,0,0,0,0,1,14,5,1,0,0,0,0,0,0,755,,,
30,3.7396,2,0,0,0,9999,0,0,0,0,999,0,0,0,0,0,0,1,115178,5,0,0,0,0,0,0,44,1,0,0,0,1,0,0,1,0,0,0,496,0.0,0.0,0.0
0,0.0,0,0,0,0,9311,0,0,184,0,999,0,0,0,0,0,0,0,0,0,0,0,0,0,0,0,0,0,0,0,4,1,0,0,0,0,0,0,449,,,
0,0.0,0,0,0,0,9865,0,0,360,0,999,0,0,0,0,0,0,0,0,0,0,0,0,0,0,0,0,0,2,1,2,1,0,0,0,0,0,0,596,,,
0,0.0,0,0,0,0,2566,0,0,355,0,999,0,0,0,0,0,0,0,0,0,0,0,0,0,0,0,0,0,1,0,6,1,0,0,0,0,0,0,595,0.0,0.0,0.0
0,0.0,0,0,0,0,2566,0,0,355,0,999,0,0,0,0,0,0,0,0,0,0,0,0,0,0,0,0,0,1,0,6,1,0,1,1,0,0,0,654,0.0,0.0,0.0
0,0.0,0,0,0,0,2566,0,0,355,0,999,0,0,0,0,0,0,0,0,0,0,0,0,0,0,0,0,0,1,0,6,1,0,0,0,0,0,0,595,0.0,0.0,0.0
0,0.0,0,0,0,0,2566,0,0,355,0,999,0,0,0,0,0,0,0,0,0,0,0,0,0,0,0,0,0,1,0,6,1,0,1,1,0,0,0,654,0.0,0.0,0.0
0,0.0,0,0,0,0,10414,0,0,543,0,999,0,0,0,0,0,0,0,0,0,0,0,0,0,0,0,0,0,2,1,2,1,0,0,0,0,0,0,606,0.0,0.0,0.0
0,0.0,0,0,0,0,10414,0,0,543,0,999,0,0,0,0,0,0,0,0,0,0,0,0,0,0,0,0,0,2,1,2,1,0,1,1,0,0,0,721,0.0,0.0,0.0
0,0.0,0,0,0,0,10414,0,0,543,0,999,0,0,0,0,0,0,0,0,0,0,0,0,0,0,0,0,0,2,1,2,1,0,0,0,0,0,0,606,0.0,0.0,0.0
0,0.0,0,0,0,0,10414,0,0,543,0,999,0,0,0,0,0,0,0,0,0,0,0,0,0,0,0,0,0,2,1,2,1,0,1,1,0,0,0,721,0.0,0.0,0.0
0,0.0,0,0,0,0,8385,0,0,1111,0,999,0,0,0,0,0,0,0,0,0,0,0,0,0,0,0,0,0,1,1,2,1,0,0,0,0,0,0,562,0.0,0.0,0.0
0,0.0,0,0,0,0,8385,0,0,1111,0,999,0,0,0,0,0,0,0,0,0,0,0,0,0,0,0,0,0,1,1,2,1,0,0,0,0,0,0,453,0.0,0.0,0.0
0,0.0,0,0,0,0,8385,0,0,1111,0,999,0,0,0,0,0,0,0,0,0,0,0,0,0,0,0,0,0,1,1,2,1,0,0,0,0,0,0,562,0.0,0.0,0.0
0,0.0,0,0,0,0,8385,0,0,1111,0,999,0,0,0,0,0,0,0,0,0,0,0,0,0,0,0,0,0,1,1,2,1,0,0,0,0,0,0,453,0.0,0.0,0.0
0,0.0,0,0,0,0,9503,0,0,358,0,999,0,0,0,0,0,0,0,0,0,0,0,0,0,0,0,0,0,2,1,8,1,0,0,0,0,0,0,656,0.0,0.0,0.0
0,0.0,0,0,0,0,9503,0,0,358,0,999,0,0,0,0,0,0,0,0,0,0,0,0,0,0,0,0,0,2,1,8,1,15,0,1,0,0,0,572,0.0,0.0,0.0
0,0.0,0,0,0,0,9503,0,0,358,0,999,0,0,0,0,0,0,0,0,0,0,0,0,0,0,0,0,0,2,1,8,1,0,0,0,0,0,0,656,0.0,0.0,0.0
0,0.0,0,0,0,0,9503,0,0,358,0,999,0,0,0,0,0,0,0,0,0,0,0,0,0,0,0,0,0,2,1,8,1,15,0,1,0,0,0,572,0.0,0.0,0.0
0,0.0,0,0,0,0,8862,0,0,999,0,999,0,0,0,0,0,0,0,0,0,0,0,0,0,0,0,0,0,2,1,10,1,0,0,0,0,0,0,743,,,
0,0.0,0,0,0,0,7545,0,0,1950,0,999,0,0,0,0,0,0,0,0,0,0,0,0,0,0,0,0,0,1,0,4,0,0,0,0,0,0,0,426,0.0,0.0,0.0
0,0.0,0,0,0,0,7545,0,0,1950,0,999,0,0,0,0,0,0,0,0,0,0,0,0,0,0,0,0,0,1,0,4,1,0,1,0,0,0,0,632,0.0,0.0,0.0
0,0.0,0,0,0,0,7545,0,0,1950,0,999,0,0,0,0,0,0,0,0,0,0,0,0,0,0,0,0,0,1,0,4,0,0,0,0,0,0,0,426,0.0,0.0,0.0
0,0.0,0,0,0,0,7545,0,0,1950,0,999,0,0,0,0,0,0,0,0,0,0,0,0,0,0,0,0,0,1,0,4,1,0,1,0,0,0,0,632,0.0,0.0,0.0
0,0.0,0,0,0,0,9999,0,0,0,0,999,0,0,0,0,0,0,0,0,0,0,0,0,0,0,0,0,0,0,0,0,1,0,0,0,0,0,0,253,,,
0,0.0,0,0,0,0,7587,0,0,3004,0,999,0,0,0,0,0,0,0,0,0,0,0,0,0,0,0,0,0,1,15,2,0,0,0,0,0,0,0,783,0.0,0.0,0.0
0,0.0,0,0,0,0,7587,0,0,3004,0,999,0,0,0,0,0,0,0,0,0,0,0,0,0,0,0,0,0,1,15,2,1,0,0,1,0,0,0,489,0.0,0.0,0.0
0,0.0,0,0,0,0,7587,0,0,3004,0,999,0,0,0,0,0,0,0,0,0,0,0,0,0,0,0,0,0,1,15,2,0,0,0,0,0,0,0,783,0.0,0.0,0.0
0,0.0,0,0,0,0,7587,0,0,3004,0,999,0,0,0,0,0,0,0,0,0,0,0,0,0,0,0,0,0,1,15,2,1,0,0,1,0,0,0,489,0.0,0.0,0.0
19,3.5369,0,0,0,0,8824,0,0,2132,0,999,0,0,0,0,0,0,0,1801,1,0,0,0,0,0,0,1,1,1,1,4,1,0,0,0,0,0,0,434,0.0,0.0,0.0
0,0.0,0,0,0,0,10682,0,0,273,0,999,0,0,0,0,0,0,0,0,0,0,0,0,0,0,0,0,0,1,1,9,1,0,0,0,0,0,0,651,0.0,0.0,0.0
0,0.0,0,0,0,0,10682,0,0,273,0,999,0,0,0,0,0,0,0,0,0,0,0,0,0,0,0,0,0,1,1,9,1,0,1,1,0,0,0,728,0.0,0.0,0.0
0,0.0,0,0,0,0,10682,0,0,273,0,999,0,0,0,0,0,0,0,0,0,0,0,0,0,0,0,0,0,1,1,9,1,0,0,0,0,0,0,651,0.0,0.0,0.0
0,0.0,0,0,0,0,10682,0,0,273,0,999,0,0,0,0,0,0,0,0,0,0,0,0,0,0,0,0,0,1,1,9,1,0,1,1,0,0,0,728,0.0,0.0,0.0
0,0.0,0,0,0,0,9660,0,0,1662,0,999,0,0,0,0,0,0,0,0,0,0,0,0,0,0,0,0,0,1,1,6,1,0,0,0,0,0,0,622,0.0,0.0,0.0
0,0.0,0,0,0,0,9660,0,0,1662,0,999,0,0,0,0,0,0,0,0,0,0,0,0,0,0,0,0,0,1,1,6,1,0,4,1,1,0,0,672,0.0,0.0,0.0
0,0.0,0,0,0,0,9660,0,0,1662,0,999,0,0,0,0,0,0,0,0,0,0,0,0,0,0,0,0,0,1,1,6,1,0,0,0,0,0,0,622,0.0,0.0,0.0
0,0.0,0,0,0,0,9660,0,0,1662,0,999,0,0,0,0,0,0,0,0,0,0,0,0,0,0,0,0,0,1,1,6,1,0,4,1,1,0,0,672,0.0,0.0,0.0
0,0.0,0,0,0,0,5722,0,0,121,0,999,0,0,0,0,0,0,0,0,0,0,0,0,0,0,0,0,0,1,13,4,1,0,0,0,0,0,0,889,0.0,0.0,0.0
0,0.0,0,0,0,0,5722,0,0,121,0,999,0,0,0,0,0,0,0,0,0,0,0,0,0,0,0,0,0,1,13,4,1,0,0,0,0,0,0,443,0.0,0.0,0.0
0,0.0,0,0,0,0,5722,0,0,121,0,999,0,0,0,0,0,0,0,0,0,0,0,0,0,0,0,0,0,1,13,4,1,0,0,0,0,0,0,889,0.0,0.0,0.0
0,0.0,0,0,0,0,5722,0,0,121,0,999,0,0,0,0,0,0,0,0,0,0,0,0,0,0,0,0,0,1,13,4,1,0,0,0,0,0,0,443,0.0,0.0,0.0
17,3.4548,0,0,0,0,10662,0,0,658,0,999,0,1,0,0,0,0,1,227419,82,2,0,0,0,0,0,164,1,1,1,2,1,0,1,0,0,0,0,560,0.0,0.0,0.0
0,0.0,0,0,0,0,6655,0,0,1745,0,999,0,0,0,0,0,0,0,0,0,0,0,0,0,0,0,0,0,1,1,6,1,0,0,0,0,0,0,631,0.0,0.0,0.0
0,0.0,0,0,0,0,6655,0,0,1745,0,999,0,0,0,0,0,0,0,0,0,0,0,0,0,0,0,0,0,1,1,6,1,0,5,1,0,0,0,704,0.0,0.0,0.0
0,0.0,0,0,0,0,6655,0,0,1745,0,999,0,0,0,0,0,0,0,0,0,0,0,0,0,0,0,0,0,1,1,6,1,0,0,0,0,0,0,631,0.0,0.0,0.0
0,0.0,0,0,0,0,6655,0,0,1745,0,999,0,0,0,0,0,0,0,0,0,0,0,0,0,0,0,0,0,1,1,6,1,0,5,1,0,0,0,704,0.0,0.0,0.0
18,3.3774,0,0,0,0,8541,0,0,589,0,999,0,2,0,0,0,0,3,205984,135,2,0,0,0,0,0,183,1,1,1,2,1,0,2,1,1,0,0,579,0.0,0.0,0.0
0,0.0,0,0,0,0,9442,0,0,54,0,999,0,0,0,0,0,0,0,0,0,0,0,0,0,0,0,0,0,2,2,6,1,0,0,0,0,0,0,683,0.0,0.0,0.0
0,0.0,0,0,0,0,9442,0,0,54,0,999,0,0,0,0,0,0,0,0,0,0,0,0,0,0,0,0,0,2,2,6,1,0,21,1,1,0,0,778,0.0,0.0,0.0
0,0.0,0,0,0,0,9442,0,0,54,0,999,0,0,0,0,0,0,0,0,0,0,0,0,0,0,0,0,0,2,2,6,1,0,0,0,0,0,0,683,0.0,0.0,0.0
0,0.0,0,0,0,0,9442,0,0,54,0,999,0,0,0,0,0,0,0,0,0,0,0,0,0,0,0,0,0,2,2,6,1,0,21,1,1,0,0,778,0.0,0.0,0.0
0,0.0,0,0,0,0,1993,0,0,197,0,999,0,0,0,0,0,0,0,0,0,0,0,0,0,0,0,0,0,1,0,6,1,0,0,0,0,0,0,591,0.0,0.0,0.0
0,0.0,0,0,0,0,1993,0,0,197,0,999,0,0,0,0,0,0,0,0,0,0,0,0,0,0,0,0,0,1,0,6,1,10,0,1,1,0,0,608,0.0,0.0,0.0
0,0.0,0,0,0,0,1993,0,0,197,0,999,0,0,0,0,0,0,0,0,0,0,0,0,0,0,0,0,0,1,0,6,1,0,0,0,0,0,0,591,0.0,0.0,0.0
0,0.0,0,0,0,0,1993,0,0,197,0,999,0,0,0,0,0,0,0,0,0,0,0,0,0,0,0,0,0,1,0,6,1,10,0,1,1,0,0,608,0.0,0.0,0.0
0,0.0,0,0,0,0,9147,0,0,1809,0,999,0,0,0,0,0,0,0,0,0,0,0,0,0,0,0,0,0,1,0,2,1,0,0,0,0,0,0,481,0.0,0.0,0.0
0,0.0,0,0,0,0,9147,0,0,1809,0,999,0,0,0,0,0,0,0,0,0,0,0,0,0,0,0,0,0,1,0,2,1,10,1,1,0,0,0,671,0.0,0.0,0.0
0,0.0,0,0,0,0,9147,0,0,1809,0,999,0,0,0,0,0,0,0,0,0,0,0,0,0,0,0,0,0,1,0,2,1,0,0,0,0,0,0,481,0.0,0.0,0.0
0,0.0,0,0,0,0,9147,0,0,1809,0,999,0,0,0,0,0,0,0,0,0,0,0,0,0,0,0,0,0,1,0,2,1,10,1,1,0,0,0,671,0.0,0.0,0.0
24,3.8554,0,0,0,0,7544,0,0,1951,0,999,0,0,0,0,0,0,0,5258,1,0,0,0,0,0,0,1,1,1,0,2,1,0,0,0,0,0,0,449,0.0,0.0,0.0
68,4.556,2,0,0,0,9999,0,0,0,0,999,0,3,1,0,0,0,3,19400,2,0,0,0,0,0,0,20,1,0,0,0,1,15,3,1,0,0,0,678,0.0,0.0,0.0
112,4.6204,1,0,0,0,9999,0,0,0,0,999,0,7,2,0,0,0,4,107793,14,0,0,0,1,0,10,57,1,0,0,0,1,20,7,1,1,0,0,812,0.0,0.0,0.0
