registrable,favicon_md5,favicon_sha256
kotakbank.com,def00c11b1596db4efee6a9fbe64fc27,95c427fa3143b1896faf42a6406686ce7602cb39052081bb32d12b51c9e047e4
rbi.org.in,7bc1ff0d792e15a4d848badbce1651df,85ad5f29fe93b57944ad8e72f5f915da1969287e431ae5154d0564fa203a83c0
nhai.gov.in,410361453a2aa56bb4b574e4342c92ef,2d3fab1d9a271a36495981e9e535054378ff5beac5c867a764b45bf6532557ff
nhai.gov.in,410361453a2aa56bb4b574e4342c92ef,2d3fab1d9a271a36495981e9e535054378ff5beac5c867a764b45bf6532557ff
nhai.gov.in,410361453a2aa56bb4b574e4342c92ef,2d3fab1d9a271a36495981e9e535054378ff5beac5c867a764b45bf6532557ff
nhai.gov.in,410361453a2aa56bb4b574e4342c92ef,2d3fab1d9a271a36495981e9e535054378ff5beac5c867a764b45bf6532557ff
gailonline.com,3a7d55ad9dde3f4a01ecb94d83ffd885,d420696d9286ba0bc4e643901a4771b031ef4eae278317917527743a219ba0f9
wipro.com,d343cd8d97bcde522db104f0ebf19044,f4b7fd9b945d0e45a3928a0b4c47103b0577428b3a83aa5450691b86e256ea58
arunachalpradesh.gov.in,6e7210276bfa604d36b610140ca5d507,5a0aa9242e2cbb5a080006271dc08ed369b583ffda880b42b0339e08cfefda13
chandigarh.gov.in,7a4659d14ae75420d3e849fcc95bd378,d66eb44a0888a3f736e3a39cb1baa1ffd0c2fba63670458c5866c15a798eb24d
dnh.gov.in,92ad84f6b8cfafe0bd79051a45fa37ad,7834ca953a4ed77064f85e555cc1cd606fdf472aca6033196db584e2a7e3e40d
delhi.gov.in,d565261900a248a9b8e2e57df85ea87e,a30309a1fc01baeaf35bf1330f9a5e8c742596b5974086d29686f7a9f22172f3
assam.gov.in,4f6da84debf8af3f372aa57c54df0574,9aebb9c0c3b5a5267ea73a432c30380c2fe3b9d14d0e2427c7456ad026d1b4d5
bsnl.co.in,4ce93e381c6d17a785db3af5ff5b40c5,6bf580989888cf919774834e4eb53393a3313d22f21df716a8c9ede2626d71cc
fssai.gov.in,fa412c773e732d43e146a9303d5924ff,200f11cd2d09ce8f3d14b21ba3ec6299f97c927203f4300dae8a29eb916fc20c
cert-in.org.in,a445420727d0661026c63aa36191e243,b24d7bdfaf62a932f2e01777e97c8061010d120af3815752123ec27b8536f2d6
irdai.gov.in,bb789a0c0bf3438833f601042be4eb54,678f43adcf805acf1d5b4f3ebc2dd29e27ab23612a4482d05918c69afe5e58da
manipur.gov.in,c014b9153f4f6ee4896933799837a890,d806e8c82228a9b51a69587b6db6be6c27db040a8a8e82717add6ff25539ea4a
meghalaya.gov.in,00c289ba07be371e939aa92a56cc2b7f,3ba88249aab8986e39c1c18ac44cecb4258bb43afd87dea4adde8880df9ae472
maharashtra.gov.in,0e9ce4a6f37609ff5596a60dbc5eed95,c55783871f373fd978f144b1d9a7d01d4002dde65509a95a04256ec167a5c113
newindia.co.in,0f32eda3820269d7311212ce99e5a2be,934e59ecad6ee8cd81294812b250b13e3e24a30d53ff65007933541fd1b38ad3
nic.co.in,936002e74e86e53f60c8fe1645b94e9e,4005a0c45d07b7703b8514048c7072bad338e8e060ae0b7d3e815a43ebf9b8e3
mizoram.gov.in,cf3042959cdd1fc3d97ec594eaec8d9f,3b0e96532e6d459427070fd0b28aba35fb3a54a97a6432ba54b8c9a28524391a
nalcoindia.com,057eeb0acc852ba1da02d5cf5b62669d,60d2ccf0597071e6aa63231f132a8824920907c7da97d3e6cf6dbc23975c470d
nitc.ac.in,a3dc3126e8bcebd0deea8605157ae4e4,c52f37b9e0b2d1eee02d732b9f44206e27d21684d22b0ab6e5f4f2c140f72589
nta.ac.in,8a32b20ad1495d67a3462a1dd371af90,2d4958e8e642e66ee52cf78c4c339d5adbdecd7c5fa1bd680be9a4040115e36e
orientalinsurance.org.in,dc192abebacad230030e4af2f9578e44,c404c5936c7e4a92c2ef408d2c163dd6b1b3798b64e038c15c704b2b70fdf285
punjab.gov.in,f09bff3b01efc9fced4fa807464b53bf,c84c14292b6d7ebece09721817f8588ab4e358394d0725289bf810afe94572fd
recindia.nic.in,15cb4d0dd1f73ae6d24981103d338812,fbe8ed5679ba8757906c731f8173b352a7149890c5e24b50e352982262602b50
sail.co.in,2417924a02a8ced3b59043aadcfd2317,41436c50c1bf64977ee0fcacc1bf756ce7dc28a511dac713d5a130e521309f7e
rajasthan.gov.in,fcd32f6b3c250bd2ca37bebe0edca9f6,65b48d1d833cde168e18a2e716c127bf871e766c7d32738780a6a7c09f327cb5
mp.gov.in,0a87ebdd057a58066f457b031a217c5d,ca7ff996240d8a0fb4324737c5d5b41f1884616ee172d04823b2326d6e5f8df5
nagaland.gov.in,29d5fb005668d8b824d7083786252fd9,e7e9a528900b73ff82f9f8a95ea502b26afb9142c416fa2c85af0694dfd6799c
py.gov.in,00c46d96684f80bba586f92a4e91255e,e627f85931ed1a8ab2a8a3c7d485f8a49714f6740a3ed91b1f59b2f64cd09859
tripura.gov.in,155d25997edcb83aca9b9c158916d832,db55cf907a70ea06553457fd9c9b9945010f0ba527d8bef9327e5fd2335a40b4
crsorgi.gov.in,8822e5658cbce6f26b84fd646ef99fe4,fb1afd27f65def3a5729d991ec0e15fee1e94b23bc33d302ff234dda6f76763a
netpnb.com,d19dbdd7121c97de378c30b401833361,ad65a56c9eed9f87017a91c1951a47bf9c6ee6aa9e0808f33c6cba707d60dca6
iocl.com,03eb9a65cbfd69b21b4c34ce81cfc9d4,29f9368ee3eb44f85df2ef8da53ea332df40a351f254079eabb97283818858dd
irctc.com,86aac2c81e17e40a04ec62c7930e2b8b,f82398f8d02486e74958f58feb3d66aa0a9403436ccf853131c17fc3124fde2d
mail.gov.in,28d19c17047b8cff14081cded0b0e30b,7bc0c5ee21d19dbe7a2b8e95f2056c7e46ae89049b7fe8ca85a14bf2d14c66a7
mgovcloud.in,7509906d12d99604850a7a18f0683380,d409aa1654cf67e8bf1f93bd91cb31034a1d84ed19e5877067ed019ba04cb5e1
